Dataset,Model,accuracy_mean,accuracy_std,precision_mean,precision_std,recall_mean,recall_std,f1_mean,f1_std,f2_mean,f2_std,mcc_mean,mcc_std,roc_auc_mean,roc_auc_std,pr_auc_mean,pr_auc_std
Original rows (StratifiedKFold),Logistic Regression,0.9462535562780062,0.007530454857294341,0.9512165969847152,0.015697088258805673,0.9522760646108663,0.007268351642152479,0.9516298603804336,0.006362031020805044,0.9519891985320713,0.004575337315036539,0.8914392978605705,0.015292743862090213,0.9910972664412409,0.001442995229496768,0.9933945541642105,0.0010028700918680556
Original rows (StratifiedKFold),Random Forest,0.9690530424026756,0.004050207960798361,0.9742276891510845,0.005663380473988846,0.9698972099853158,0.005781209892813416,0.9720377479568255,0.003643630015989041,0.9707475518767588,0.004555993327321278,0.9374520729685601,0.008237644692280593,0.9939514848195676,0.002210806916880033,0.995372975424671,0.00164881436801788
"Original rows (GroupKFold, duplicate-safe)",Logistic Regression,0.9434025632069641,0.0030718586383876984,0.948787468831875,0.007956123134049056,0.949200100847718,0.007116639066592092,0.9489452486512464,0.0032665559659929583,0.9490864613398688,0.004843169922808431,0.8854558795832874,0.006250400081990846,0.9902863782385757,0.0011068446155433698,0.9927846705108019,0.0005803728951323042
"Original rows (GroupKFold, duplicate-safe)",Random Forest,0.9572505281551736,0.007899648606190359,0.9726266496381438,0.013830538637993661,0.9501494764282717,0.007661564197074428,0.9611678385842376,0.0061239609291133534,0.9545058935600998,0.005573106236754774,0.9140518090004058,0.0168037145496644,0.9913741925366493,0.002325531092126398,0.9936042130071249,0.0013982463720788635
Deduplicated rows (StratifiedKFold),Logistic Regression,0.9452214452214452,0.01565854177452723,0.9472961287292204,0.023689246988883934,0.9488888888888889,0.010304020550550812,0.9479570082322085,0.014376357203675954,0.9484837577438195,0.010783488564046595,0.8904180486681884,0.031475769801752485,0.9902287581699346,0.005377136064999956,0.9919453692609408,0.0040971761000566445
Deduplicated rows (StratifiedKFold),Random Forest,0.9493006993006993,0.007553310837305166,0.9615975555296895,0.0136613510993938,0.9411111111111111,0.0015713484026368086,0.9511977543677638,0.006923969798961542,0.9451091793979071,0.0031866063670190612,0.8987756400443366,0.015450387305748513,0.9876491013071895,0.004404270179023776,0.9896955900045782,0.003279103845064092
